{
    "accuracy": 0.766769468003084,
    "precision": 0.7582417582417582,
    "recall": 0.7648456057007126,
    "auc": 0.8483507063727319
}